{"cameraMode":{"drawMode":0,"name":"Shaded","section":"Shading Mode"},"sceneLighting":false,"audioPlay":false,"sceneViewState":{"m_AlwaysRefresh":false,"showFog":true,"showSkybox":false,"showFlares":true,"showImageEffects":true,"showParticleSystems":true,"showVisualEffectGraphs":true,"m_FxEnabled":true},"in2DMode":false,"pivot":{"x":10.190733909606934,"y":1.7687098979949952,"z":9.39113712310791},"rotation":{"x":0.03428371995687485,"y":0.7119730114936829,"z":-0.03484194725751877,"w":0.7005235552787781},"size":0.17527222633361817,"orthographic":true}